Fe1,Fe2,Fe3,Fe4,Fe5,Fe6,Fe7,Fe8,Fe9,Fe10,Fe11,Fe12,Target
12.415837748661234,-5.999261544832076,-2.797673400365424,-5.514809072476315,-15.810390124078156,-14.559853743111702,-19.882762658737235,-3.637177135538136,-1.3077108612356565,10.41414620553872,-3.787593759065877,-8.394802838445862,0.0
11.640196486033611,-9.006160842929031,-3.858565675848782,-8.12633053380934,-17.62377234826093,-16.155486823440487,-19.092542406784087,1.227400846190192,5.155053388724214,13.675568710300082,-3.387411897186383,-6.6113360662006295,1.0
11.835205180947716,-7.964955745268501,-2.7994965038990616,-6.148031009204352,-13.818408616455288,-11.37907600270263,-17.393981294507576,-1.948124696108008,1.0827477794029718,9.216904265224205,-6.465000362715511,-9.618258297747335,2.0
12.14425313799902,-8.313670353375892,-1.848455777789084,-5.874727717905684,-17.682938668864473,-16.44487675911139,-21.37210994082243,-0.4956787319646013,3.095584653705836,14.33253918920714,-1.3400176815518594,-5.915884741599871,3.0
11.934266686125977,-9.407987435450098,-5.308188312621332,-8.898861727698701,-17.139230573576814,-12.867307512886462,-19.18334518451121,-0.4290494318019808,2.718711214985104,14.358603397030462,-0.7746995096594809,-5.6849406190499625,4.0
13.105612231034891,-9.93489929286724,-4.809155123913436,-6.613706365448983,-18.378058499937016,-12.420572405161504,-18.899336454110795,-2.697687170954947,-0.3630287815263241,13.17636735667379,-1.5645578811601804,-6.585553857626971,5.0
14.572460360722996,-14.521510212177288,-7.15718767816116,0.8371277256031976,-15.657876376917876,-9.423631321137067,-17.53189590340068,-1.654451070353684,-3.2803408318253657,16.665918916616178,-1.9510816355727567,-8.905962011532507,6.0
12.447269277213062,-11.45064946890212,-6.854530933252976,-7.141579093368367,-16.525919272240888,-9.84000728349312,-19.793980555814265,-3.731098154053305,-1.4003621795860135,15.613126265407812,-2.4632525572375297,-6.22099746267482,7.0
13.630867800286062,-9.401668255535272,-3.4232577945584426,-6.025427909773506,-13.787624312257568,-11.027341672919256,-17.461321920580946,-1.3496328148243515,1.391565372189668,11.327696471323543,-5.074824785901537,-9.049908174734746,8.0
12.500244925294076,-11.915236812752804,-3.802640253100541,-7.913670048676757,-15.690495052029164,-9.078668793445688,-19.80711054105352,-3.128505980999065,-0.5850962134807672,13.562936562232052,-3.609299637112727,-6.004364475467316,9.0
12.2423994516197,-13.257175256898575,-5.1873062622396695,-3.4911593389854976,-15.530310421457868,-14.764466122154904,-20.73092216185553,-7.003141780438298,-4.232127866396105,12.54872593570476,1.192127159556713,-5.253653702972414,0.0
11.39735332396952,-15.707740584141174,-5.601969699258116,-5.997938672791981,-17.450434642743595,-17.353775225053678,-21.28420156306498,-2.6366178014399297,2.0896720324855247,13.228534876233056,-0.1517295923968127,-3.877752533670322,1.0
12.42890563826447,-14.244394255935491,-3.556777982649445,-2.8149608140983324,-12.079858293099353,-12.262155511011834,-18.36080952544124,-2.6266280246662164,0.1661823270052233,11.657316509255434,-1.6047211428854025,-4.889046322065304,2.0
12.183438486407368,-14.116993688052606,-3.65045425129605,-4.523779486696946,-16.249581376427212,-17.976174439318264,-24.64278304305397,-3.5920128887816807,0.7693009509851763,15.659621076194092,1.4431680811259064,-0.4979139828023031,3.0
11.84896990638599,-14.864673488105732,-7.962345281847894,-7.167253348369776,-17.053774158126874,-16.018634640318584,-20.614394773063832,-2.179582490354695,-0.8925439960001487,14.419442126211976,1.4381386073267697,-2.214987666522513,4.0
12.285925092281726,-14.478482802695812,-6.193826275598535,-3.5649842050022653,-16.04524975799874,-11.700536933323416,-18.543748359926298,-6.340319151470286,-3.2891932866846734,14.658037353092409,2.655731239432815,-2.317794051411476,5.0
17.59899269091633,-22.46363488357741,-7.487689091236027,2.160728876699648,-17.271451811662395,-7.871787481691308,-15.512778192675622,-5.488776783680549,-6.066714065188855,17.271557126490045,2.979726238104097,-1.5886621478851706,6.0
12.539057303280453,-16.458001483434924,-9.312170442109023,-5.719025044236001,-17.225217340833236,-14.338772515526678,-20.22713988808995,-7.7054443710853056,-5.716877369913896,15.979827404821297,4.0273023022990735,-0.8275402999313388,7.0
14.51492468346024,-14.094298645110822,-3.8737458909362776,-2.9284636723342,-12.83259025923642,-12.088642542547989,-18.07980136902846,-4.577298637711569,-4.306662860462398,10.659621514526846,-0.2461642227725131,-3.673083503157997,8.0
12.217987025633008,-14.656926421701629,-5.762911944651034,-7.215577193146681,-15.492514529878305,-10.183769360474283,-20.82809324823287,-5.34609780170841,-5.365120103912191,13.950144623790608,2.8319665482329275,-1.671328458150609,9.0
12.536664861344573,-12.104064485344889,-4.305079820847007,-3.9133037280096334,-14.65319712525681,-12.646780202583605,-21.179265267096685,-6.366201467268614,-5.79670042360211,11.369987302581784,-0.8360717303418496,-2.22777465344766,0.0
11.376658277678962,-15.952305961957103,-7.462160827388388,-7.140861390695494,-17.803735324531115,-17.56162410131819,-20.639287000843968,-1.8722225783596749,1.1886541485162163,12.628784107984613,0.924666647391014,-2.6964221265507367,1.0
13.641853282980478,-14.171837861806212,-4.080421437315142,-2.8770631625763508,-12.62604462290916,-13.08960994993839,-18.30085590061556,-3.038453208327522,-1.940211234712544,10.05079980565982,-2.863978323114861,-4.920965801989442,2.0
11.856654854401851,-13.973667137254775,-3.6921989758677456,-5.013269470629934,-16.74952968788091,-17.864465649922046,-23.52742912962065,-3.9657294078019554,0.2788362011963649,13.638516840617305,1.2273409822428771,-1.8132367752739549,3.0
11.784231434983743,-14.88472721586046,-8.108068740440073,-6.706122305886638,-16.031630898748894,-15.700641229685164,-20.38077807145504,-2.2223539015464127,-0.1491014460684123,13.980924969855678,3.2119019971268616,-0.0681801127303637,4.0
12.530192702356391,-16.483179338075885,-6.235433968777983,-4.765961470261034,-18.14993504332937,-17.02583456273546,-20.628045344475986,-2.0855018959236005,-2.1416973448037395,13.211882996973456,2.945450496993744,-1.2968401471573292,5.0
15.860762333876618,-19.50931166593918,-10.443335498724691,0.8845553955669874,-16.4832466442905,-13.66614185550577,-18.43587384202474,-4.819119481579065,-5.209459246146731,14.825636173126036,1.940847936648104,-2.293039767004394,6.0
12.506463317013816,-16.406996436723087,-8.206902608935138,-4.914428504463428,-15.873673762475876,-13.937689078643078,-20.848254324662253,-5.987303421418371,-3.4457347118285,12.919562629346697,1.1835904677990894,-1.8746185692058683,7.0
13.84932878237123,-13.742382567224569,-5.116163601303956,-2.448121844982684,-11.504823168247642,-11.321470241775792,-18.20427208140798,-5.080587183305284,-4.2273944441223,10.63830589721334,-0.9913909430848664,-3.178162730607283,8.0
13.317511351637393,-13.989866837092086,-5.903722671666909,-6.28032577782719,-14.544398206015009,-12.2700141711229,-22.231767976737164,-4.66114549928602,-4.2795974523086935,11.56837686727411,0.999620152375698,-1.3112750406373244,9.0
12.548760423612416,-9.4988764342808,-5.751695544923072,-3.026009476478796,-13.277186359889429,-13.145571484201628,-20.172180799829743,-7.469516813629752,-8.011563280312508,10.589295944030916,0.7466956240013348,-3.3230607150006763,0.0
11.547860139236716,-14.903153578599396,-6.02605976679734,-5.5874187024124495,-15.67751808284136,-15.831565499068736,-20.748969994990663,-0.8945647751991349,2.455017904776726,13.06298241896658,0.8147245265949682,-3.194956346717092,1.0
12.873507239778869,-13.666422249017,-3.5965671369077388,-2.619916769395383,-11.971623180410262,-11.376653888479458,-17.61517361887163,-2.310955963493087,-1.695436178583256,9.080642337773329,-2.0191293641153214,-6.3210855875730685,2.0
11.953444476519453,-13.143838321398423,-3.90236762018675,-4.618978142655542,-16.42274404019583,-18.251444214520365,-23.47982110197934,-3.5962171334450144,0.3263557877471219,13.361449497209522,1.521575297646557,-1.01114188400177,3.0
13.298791954047454,-15.884070051094884,-8.13006205218988,-6.704203771931258,-15.288977398679748,-15.17373242432405,-20.592259465212774,-0.559551517197964,-2.494591449330368,12.760599342572442,1.153287663876064,0.0114596106881819,4.0
13.502233632913276,-15.690012387909231,-8.19967291976795,-3.3227623451381976,-16.210327931503667,-15.452257305019693,-18.82446051419604,-1.7032688897889203,-3.034370282919325,12.23258646508629,2.666287101065776,-1.7663981151366224,5.0
15.595801715382938,-20.47782288259956,-9.979761225550453,3.532083580223234,-16.773251735396112,-15.083079178255414,-16.443296205213006,-2.117761935599056,-6.410281593436106,12.07636794462462,0.69229705836153,-4.23987599398009,6.0
13.581776252446543,-17.746756112551257,-8.765802956383691,-3.07816815991299,-15.86324293085645,-15.228727506097975,-21.09736957105789,-3.3889634604021626,-2.615471882483944,13.00803478509905,1.795324332338609,-1.943839620764872,7.0
14.274223162470244,-14.138018204386292,-5.443731412081253,-3.4920303131378625,-11.878556019790404,-12.01104872176198,-18.208133903424013,-3.640776024793301,-3.0568704459112923,9.93400724353467,-1.263791217765892,-4.351964429123681,8.0
12.331652177940825,-16.125982665898523,-8.722892519681965,-8.031592585843374,-15.190658513603692,-12.485888360375212,-21.98512507497952,-3.4964274405385964,-2.9076522667871774,12.570814445551116,1.7175468528485658,-1.3407076553074533,9.0
12.110398319181922,-12.241366782680617,-5.059091017976362,-2.364203839080646,-12.184579106758074,-12.879111635370254,-20.62086514203466,-4.609207944636874,-1.959605052486857,10.696206776632662,-3.926522012641959,-5.771816382519271,0.0
11.382346722617084,-15.818328061081257,-5.634051109695642,-4.900720876898784,-15.275764475899198,-15.599749601095109,-19.50903789739892,-1.8712022712534409,2.176073890887044,13.386361232592536,-1.9949636880601416,-5.173614413291914,1.0
13.01635690075562,-15.85341572990393,-4.1130132696712485,-3.301140575934865,-13.008000090121431,-13.158653041770016,-19.01195344305818,-2.5043932473421138,-0.2252781691173054,9.085342931525716,-3.976196712532555,-5.262390533461386,2.0
12.419822605502642,-14.850926499426292,-4.370005928202717,-3.874499946418402,-15.268179814816197,-16.558665426428604,-21.15866620406924,-2.723442678261524,0.9231654189542208,13.345617246895326,-0.1724384232125216,-3.6258074169901047,3.0
12.632279287680424,-14.947831233529348,-7.463938354768627,-6.091506051348175,-14.132932137573215,-13.054245834596994,-19.007070042174583,-1.5245684547234029,-0.3538540648396594,13.898453615935209,-0.1794717664616626,-3.93477997294814,4.0
13.128523124909638,-16.268325617492913,-7.103469577935862,-3.7536413854786654,-15.852440861356076,-14.082874848527291,-17.86377453311915,-0.9926561069423387,-2.217470994604194,13.760970749187557,1.7034122443729205,-3.742901678096009,5.0
16.339857961354575,-21.73985520849617,-9.838692378994416,4.633919974569171,-13.341238420707867,-12.545193027396309,-15.934723815466912,1.3111077459481744,-4.86950658834006,12.81016456088882,-1.1775603021728458,-5.949537562121777,6.0
12.646570387262672,-16.036934327599294,-6.914482449409677,-2.4308794335173465,-13.602245357365168,-10.723683157696264,-17.617171430956933,-1.4946400238243225,-4.01201039095197,11.455456734935389,-0.2108254948077518,-2.9526488066396888,7.0
14.920342049918904,-12.96680624523086,-2.2903433276492566,0.0898187442209724,-8.38181733780869,-7.823606626171109,-15.886413334794051,-1.925409127578229,-0.6304160559486993,11.474245939243024,-3.0939809745094973,-5.734365511049373,8.0
14.900885927931071,-16.34965731310552,-3.361690940863733,-1.9969988154493,-11.222441939008814,-6.808873560063643,-17.59075257756105,-1.0103394000710904,0.7280926872350828,13.968804467317574,-3.347405031671711,-2.9795400461998205,9.0
13.16087415220316,-12.420021871835283,-2.753702500652704,-0.7317657422363915,-12.285053384161143,-12.333689951662604,-18.15378634310165,-2.2938764118556456,-1.5381962174967003,9.1578460338166,-3.122126120729273,-5.622185944634826,0.0
11.568966850026277,-16.394968405712287,-5.886684556257483,-5.50778799815894,-17.113880615602852,-16.054155648466235,-19.49580382773078,-1.3675625771818096,2.003841477424989,13.26765502558204,0.0670330719449723,-4.457218970919528,1.0
14.480174330755505,-16.27843025026088,-4.68982713212567,-3.29854903504375,-12.45415915014128,-11.725803261143348,-17.837188985843724,-1.4773431306040306,0.2600409186010736,9.139689007452626,-3.559013699837726,-5.415099862387885,2.0
12.96242581741224,-15.548271065087055,-5.999769909988232,-4.381282461448102,-15.721233973495504,-16.58354657909207,-19.809681847980656,-2.089794855056069,1.3543794489376342,14.248494893978044,0.8167577843317595,-3.95525051826774,3.0
12.761677517653313,-15.849990296130334,-8.53780752586991,-7.042331090859742,-15.144770560044504,-13.13811202061719,-18.246336620973363,-2.5215902840856628,-0.5430394383932989,11.89570946130083,-2.3223856427017933,-4.370893304702224,4.0
13.456863211568256,-14.747224971167352,-9.51252133983838,-6.313206876041892,-15.489224280743212,-11.550129121100069,-18.466473163226507,-6.540866966772371,-2.868685186381917,11.309105065399732,0.2580124214117444,-1.5406776660957944,5.0
16.466493543245758,-19.272347466183994,-13.734381562159172,3.303190828963161,-11.18214813609819,-9.47753314733683,-11.562552196088577,-7.000046031356924,-6.264400405754333,12.344536051755076,0.1238641720501904,-5.769160516453785,6.0
14.31131058249496,-16.631046852913542,-9.943463177286407,-2.6165119540504578,-13.606338443011843,-11.525179534928922,-17.422089465911505,-4.698236401709165,-4.171884231403086,12.068359012981054,-2.837555169307429,-4.6215184835248255,7.0
15.149306287172916,-15.778803951069357,-7.562127752001013,-3.2559624688440865,-10.304203018280054,-9.068727629253884,-17.04362852341696,-4.318458877335131,-4.783854698615655,9.07312426122765,-3.946883965338933,-5.913454853143699,8.0
12.3730326550766,-16.550983082774298,-8.748254774754038,-5.764966306936621,-10.206315819543429,-8.99967301830675,-21.96655086918363,-3.2800066789989564,-0.5219522992760672,15.955763009998886,-0.796913585698196,-3.8880414881179792,9.0
12.502779727612952,-5.875905212184366,-2.7760975964703527,-3.3560478833985914,-11.673292978965964,-13.01826724265168,-23.593206760110224,-8.419207985572136,-4.0442831614631904,8.912572786461377,-4.96774605563352,-7.892376624191718,0.0
11.714549211438753,-9.380949181588177,-2.681904869149295,-4.559767886284658,-14.73735170323746,-14.943587422988228,-20.60456438467816,-3.283983991156931,1.5154965816305763,12.594826047564927,-2.1853966660816355,-5.328484675284017,1.0
12.872954817205756,-6.516716096290528,-3.659049458774645,-4.25743369777465,-4.6371457962014215,-0.9982582063335338,-16.700055264773386,-7.746942026835889,-3.2675274920905144,7.967996441896335,-6.986369651228064,-10.156966201830624,2.0
12.046343022701809,-6.792492762245166,-1.973190041203028,-3.866623230630965,-12.235449786216035,-12.343065036808486,-24.098202153710684,-9.865037519290176,-3.0135053162647214,11.554884523944429,-1.1860445932495456,-6.5440105435607405,3.0
12.128865881189354,-9.310235999020549,-7.984342943996404,-8.929164023906829,-13.318381688266683,-11.08688669331911,-20.5716422819298,-4.86071242032225,-1.2019804050354246,13.455247083037625,-0.7532654425158667,-4.03297238053762,4.0
12.57229287657408,-11.717640005050573,-4.783014301642888,-2.437529511451086,-13.47395955294871,-9.914278554011725,-18.632145707059173,-3.766829423270292,-0.967356841296674,12.553165555761275,-1.7252260980273302,-6.138426973128177,5.0
16.436425359525384,-16.48766953867932,-3.1206572899291607,7.82162052863466,-12.372819478874286,-7.152328126911088,-16.23514751014632,-4.219836306314107,-8.103181401497322,13.05203446056012,-4.977723091401327,-8.810135882361486,6.0
13.69442559432337,-12.86532797366429,-3.0025492605928856,1.0963122802608527,-13.104458603706982,-10.170330174460716,-19.449691305196552,-5.813817098218867,-4.493012381254432,13.578470066583751,-0.9688060596675182,-4.283746986087269,7.0
12.648307701482237,-12.712689376006978,-5.96470017357373,-4.001814788912694,-9.551549718897627,-6.891255079946818,-17.62737279753549,-5.024491963585104,-3.06603104603945,12.023132302503653,-3.495849936580133,-7.015749045634199,8.0
12.529326595927657,-13.005135794891729,-4.240041965724235,-6.864292842061295,-12.846392700180148,-7.810548808472874,-21.203416847630177,-5.794051686736756,-3.0407810927623933,15.384892581747254,-0.4005101528217136,-2.3242727357640867,9.0
12.85453672769836,0.3683360047262815,-1.5512479202243503,-6.76693784684991,-11.525569523355996,-8.928574997511824,-17.03034504601216,-6.805722027671555,-6.019536851997579,8.31091426746865,0.225784605067733,-2.051708563533437,0.0
11.553495285929545,-10.573905820062896,-2.8560896553119206,-4.310822089380573,-15.013754769767532,-14.992189690456302,-18.79376306363404,-3.4383785403610494,-0.2562985020243983,12.06590410936202,0.3638358882583648,-3.811801710449785,1.0
12.774805517362712,-4.9338043036200325,-0.8222712480287938,-2.230207278147238,-5.388477074100509,-1.085995750639429,-12.773430165166587,-4.310419128436076,-4.049382058843951,8.162460470919664,-4.35541392075366,-6.348568525850524,2.0
12.481855217272832,-5.265944256064216,-3.977344237207744,-7.35474318117887,-14.049747707639856,-12.096864789608444,-20.948882190525083,-5.758007554202852,-2.462199505905452,11.48848246508843,-2.35447320029955,-5.328666233555034,3.0
12.353283694646716,-11.964575909113554,-6.005983263855594,-6.191004825747638,-13.986884937836289,-12.19526536462425,-19.21453810537451,-1.2548589927626883,0.3329525199701216,12.631374170881948,-3.487397075026175,-4.593181007991335,4.0
13.25438297475222,-9.886999805200036,-5.206056548798444,-2.6033330998956083,-12.634553351969345,-9.244204149690358,-18.79663509691721,-5.056957376486071,-4.592173890308533,11.057634691345914,-5.740435234076231,-6.369688330274239,5.0
14.654214858260106,-16.98835852984955,-7.929158836880716,5.246796960891433,-10.122096741820563,-6.834096745649053,-17.2659425391331,-0.9142631752256084,-6.344037493531654,15.50178930269772,-2.9478874191978246,-8.037759251924728,6.0
13.10892696518698,-13.671092852879331,-6.4716858959812775,-1.1209715138566214,-13.265790763425004,-7.710521138315172,-18.262425050084847,-4.663391751642429,-3.671026993719319,14.761657290525276,-3.945338129349423,-7.114571983565127,7.0
15.126213302274312,-7.301595871025989,0.6434209333878305,2.5228524097645244,-4.473963408930811,-3.650901006191519,-14.612163228044292,-4.360309823855896,-5.048762631710601,7.67176602446398,-6.458559420204876,-7.021928917614009,8.0
12.790405229268876,-8.874247872821595,-0.9747440861366544,-3.93306620579502,-10.259728578198075,-8.48609758143783,-21.693423268328544,-4.610241639492759,-6.146460535680812,9.588831268029711,-7.461346116542433,-8.499293780259825,9.0
13.048151654037335,-6.860170516700759,-4.240631072064357,-6.082257488117346,-14.05392071589202,-11.627063917258273,-20.204673436825104,-6.3833401539375965,-0.8598514353324148,13.71572216029115,-1.552864931398923,-8.816369035481394,0.0
11.90178730517604,-10.28233047938026,-5.663362678573421,-9.904146667816896,-16.213584557222813,-11.766243253964063,-18.466269289428983,0.2622883518581176,4.35018830691657,17.75800897929719,-2.6390225725335075,-8.10321960047433,1.0
13.151638029129815,-7.146140108983483,-3.430801461966744,-6.478548974963137,-12.87948920625851,-8.64505814400412,-16.892232684219987,-1.8590459283823293,2.0641861091915934,13.245529529856258,-3.7947701100212656,-9.456964518792091,2.0
12.09053666076292,-7.853456536455899,-4.091437505800024,-6.829272049222451,-15.7028399233019,-15.443683872680149,-20.94742235717852,-1.5764386677844229,4.265789912379333,16.126577267457773,-0.1339445273956152,-7.152644914739425,3.0
11.943084959440409,-9.381679892132231,-6.864423962884477,-10.249848092893115,-15.944764035634222,-11.703216300920126,-17.716283158791164,-0.9773287992376232,1.954799286079984,15.3832406622597,0.493194417239693,-5.439105177971332,4.0
13.037041770931042,-9.79376851906886,-7.105924208643085,-8.320748855641432,-17.111765268389284,-11.56087508067173,-18.764597246078228,-3.929609853125901,1.6251049396906283,16.734000591133135,1.8080368538567848,-6.059908762939502,5.0
16.00176005553178,-14.13858986695796,-9.357953135847376,-1.3506998922452496,-14.955783010629508,-12.442552585894337,-16.440778774468285,-0.3331178090985928,-0.2570470139944485,17.094256491944762,0.0501081562010561,-6.667080775994354,6.0
13.285611571974114,-11.807788706358703,-7.029324721090043,-6.04274395948964,-15.80718211936235,-10.40956047568502,-17.58633485114565,-2.4634338537886413,-0.2499131576262155,16.22093298156509,0.2619862116957668,-6.698595329895126,7.0
14.117021804846363,-8.539294374936446,-4.619217155328877,-5.725907637009847,-11.224886315526112,-6.898724683960739,-15.902726039375738,-2.452998568822803,1.8468710788721232,14.098030811164271,-2.8202407637509053,-8.046135053310488,8.0
13.920589182505156,-11.339531527891658,-5.002387173892392,-7.903517216944773,-13.782126668109091,-7.596488730613751,-19.69631491803019,-1.842003185183954,1.45580751045952,18.036174469067667,-2.3377407423802308,-6.430141135914574,9.0
12.880975246370344,-7.028637300179501,-3.0104970342215114,-6.159953872850947,-12.950341048907424,-11.851736694302108,-20.328509473702024,-4.009902823118077,1.5744969033598604,15.18221432500815,-1.767672567606179,-7.874485133640077,0.0
12.600659261636368,-9.593758438360428,-4.389057153829327,-8.131206641005562,-16.40146192931231,-14.669435115979764,-19.50939580098353,-0.6551908334236893,6.208998066736684,16.457476745365547,-3.216633857158129,-9.08323014825588,1.0
13.796882071509437,-8.228297689316909,-2.290793742817037,-5.582754052209325,-12.777645698158524,-11.22053701076686,-18.21264901634467,-2.716968663004386,1.245154904193024,13.23504545471865,-2.729776696324409,-8.895341437211522,2.0
12.431029509768065,-5.883851562431489,-2.1603789120059345,-7.775074056298157,-17.230485322998444,-17.72496988350802,-24.392031232942305,-4.114565623718324,5.502414723359634,18.192017691158885,0.6238095233020513,-5.926354732534197,3.0
13.017410658587815,-10.0670002762987,-6.395087110857618,-9.816240313029132,-14.997273769184671,-12.158744964181428,-20.086929898286872,-1.4552986564691148,2.6806262463056045,16.388849824450613,-2.0159129688633994,-6.093542223958613,4.0
13.731698412254476,-10.407207540980435,-8.01328223599012,-7.298619484322746,-15.127613198809742,-11.026164999457716,-19.581849699643342,-2.464723716466732,2.582571532984084,17.7233291518571,-0.1909620328649091,-7.8682801734547985,5.0
15.944414582069856,-15.66662026774487,-9.855422599884642,0.4480236790291731,-14.27040413383576,-11.717968861905288,-17.560517081598352,1.3009808673279366,-2.800654838581516,18.82044413015975,0.5203599438800153,-5.958614473450675,6.0
14.230034179979098,-11.887665244026817,-6.65066869138032,-3.4792667968260083,-15.14681835342494,-11.801976343659064,-18.507545156294466,-1.6831272218900206,-0.5100674642626426,16.826924819143017,-0.6925391670055734,-6.033041476965855,7.0
14.387173509703445,-7.128831816590098,-4.199036017319072,-5.900712577610094,-10.912790426740331,-7.614560208393577,-16.46330977119208,-4.431373514295121,-0.6993447512460536,15.4417116033189,-0.8055540024607623,-7.75940727487081,8.0
13.702719961196554,-9.944931806569164,-5.236643916540476,-10.663903503711712,-6.37161494583356,0.5611020737869543,-24.30870614054933,-5.360270024027286,-7.085121573007897,21.16046707701544,-3.861498390023388,-4.560137970228517,9.0
12.98140555628667,-6.744984479170321,-2.650409762112833,-5.180685259987869,-15.091440502155075,-13.282751011669312,-19.13424591095287,-3.5302371857616186,1.4475244405861916,15.91333159768593,-0.7451548238556097,-6.522544767234054,0.0
11.863260783649409,-8.647483388705957,-3.87423325930286,-7.487599782240575,-17.643033052849276,-15.370719129446124,-19.69061025078044,-0.0774012770723585,6.972533045595224,16.43672922558759,-0.7325414825673147,-8.650656045211559,1.0
13.564981574617429,-8.010920454201267,-3.264973262594572,-6.674558397293295,-12.749627850710286,-10.82612988071175,-18.643899932164484,-2.4659483572056606,1.5621352890837208,11.782091918365593,-5.9062311226331055,-10.410842024669336,2.0
12.137302298282233,-9.029112834659184,-3.5656739526307915,-6.948430086554307,-15.807704078952147,-14.529138759533636,-20.7138012567976,-0.7439639371725316,6.746308328955883,16.719325653801004,-0.6728004352462689,-6.930247839148864,3.0
12.137500661464252,-9.01441612586684,-7.255933038465245,-9.86016930701572,-16.576902022745482,-11.67915169230154,-17.83887323663657,-1.201246826917439,2.4891057834580703,15.803385435265197,0.2550658804459502,-4.255174114417755,4.0
13.751735581848342,-10.719155193236467,-6.304066977469922,-5.882092749363619,-17.2022151869092,-11.157652637942313,-17.693890090004302,-0.4559566299438487,2.8614843559591208,16.914176571545678,0.7021513806466314,-5.595751033788992,5.0
15.914300638102782,-16.85908089636427,-9.262068805836062,2.1739627419201524,-15.896855102120684,-11.657728152660583,-16.53478039854714,3.2191860782388577,-2.57634889907646,17.427916136930047,-0.4832200833503024,-7.636100970372608,6.0
13.71042520078801,-11.568143297663092,-7.105615611778391,-5.675462465665398,-15.428895011813184,-10.450017069159507,-17.527390939601965,-0.9709371070327236,-1.3417620766753566,16.341277457328438,-1.0168294738567794,-6.169202480232916,7.0
13.779840181553633,-7.140496737066354,-3.9999190998724536,-6.028677781546731,-10.702938087342073,-7.6843376079198835,-16.014377172515974,-3.543626912493905,-0.5600111645448027,12.14760574709334,-4.879153807810086,-9.101393696352403,8.0
13.172599709390214,-10.10317670241087,-5.711893393050639,-7.856217131328916,-11.65658076012279,-6.776125621851506,-19.047322765691312,-1.6250549937401797,1.849277579947456,17.62910787338864,-0.2435986413496052,-4.896186149798394,9.0
12.958661289143372,-6.967010897089873,-3.878805966702592,-5.277398074816631,-14.959420109554957,-12.312631884275508,-19.891515562560084,-4.264603349941147,0.7579349334674548,13.962251087090673,-2.671242694057643,-9.16651900073818,0.0
12.043922744112423,-8.772393719875966,-3.636976576990575,-7.594552215790761,-16.88219383991041,-14.818895855811116,-18.139550075629742,-0.1126409771391285,5.054009423391531,16.424220879095856,-0.5643665376798513,-8.926116284968856,1.0
13.944311380385864,-8.511071793309535,-3.912868073786084,-5.913830342120867,-11.232614754856808,-9.15387239216576,-17.382699605738757,-2.224369639375144,1.958256220355005,13.610319607991045,-3.594130240991242,-10.390850649114295,2.0
12.123403385573926,-8.392059348003736,-3.544150232890272,-7.397277768623144,-15.851890897272629,-14.92912643834271,-21.62205428033512,-1.106662937814374,5.22702200228172,18.585767321755725,1.4051921970914731,-6.18274355180245,3.0
12.15012120210824,-9.409222665014031,-6.467628096554307,-10.217225480037564,-15.33868725426936,-11.35689082962869,-18.78005278436105,-1.2111791420033846,1.6205659623771989,16.451789995039398,-0.6028437228458522,-4.651419538302516,4.0
12.889134071698642,-9.66826187777058,-7.193230309023776,-7.230970246013799,-15.243639334008858,-12.141509935869898,-18.620644157124232,-1.47379142990087,1.0414286683570282,18.10548656290014,0.9293091717528136,-7.166978829040614,5.0
15.872490651923265,-16.535634197444256,-11.086850818770303,2.011351748249897,-12.949564326476516,-10.176941401324232,-15.723765628241496,0.8123576029848213,-3.072932546028401,18.6654816159276,1.0892092361942969,-7.1472591669921925,6.0
13.593477771157056,-12.179990281591966,-8.03558551354134,-5.243212501831926,-14.666741526914784,-10.511764832777148,-17.878746178617146,-2.819131381134954,-1.246100783513438,17.936835344776558,0.6264573758284356,-6.316493406601961,7.0
13.687831354316575,-9.13312392229435,-4.482591007733567,-5.0539784945878905,-10.72235899925404,-8.01061190388949,-15.799385810421612,-2.204195178559352,1.2255994939515225,14.532995017158044,-3.1363888709697694,-9.27523885893592,8.0
13.059455582664665,-11.048756482500464,-6.577787488013216,-9.516746105798465,-11.480629191576146,-5.907276948565742,-19.50207675281798,-1.5861137485440089,-1.797274022799079,19.35770365366917,-1.508694435526378,-5.059397269534179,9.0
12.821616982418512,-6.391252049470303,-2.4092982747705047,-5.945370684469354,-15.639855584266869,-12.706845077743612,-18.87394871481202,-2.213000019193252,2.3719354347486945,14.000785749787314,-1.277053471059752,-6.955952332690625,0.0
11.645878767629984,-9.7671179297706,-3.7754067082650526,-7.789336014844028,-18.099841607744697,-15.395530678563327,-17.960929266327447,-0.0189092809659432,5.57613301270827,16.724514296908044,-0.1964054229676419,-7.957647010640573,1.0
13.202857562310584,-8.424055517058703,-3.144278072327652,-6.582963993405368,-13.514647973191568,-11.205118169159975,-18.107207222527425,-0.9263526199760712,3.149410449922849,12.939623304385222,-4.384717494942459,-10.391491156104143,2.0
12.116397913829848,-8.561281396015223,-3.833258464358631,-7.678606126759182,-17.37429320388505,-16.04652938414163,-20.56611324064408,0.1444602562090503,5.805612126567963,17.68659661074347,1.2321220936123558,-6.541193337779748,3.0
12.028586747637812,-9.41583596810628,-7.250199857634952,-10.053221276945438,-15.531342736691435,-11.934803187644803,-18.04853845702497,-0.4773190236548802,2.3102901217590737,16.106531248660705,1.2885589468950538,-4.169585462800746,4.0
12.977781120710862,-11.357193904583855,-6.652633263773424,-6.016735219418417,-16.69062430140667,-11.236685200226312,-17.258651529854315,0.2351699043406072,1.8203769517987551,17.27828351728156,-0.1194992722675632,-5.710245402399004,5.0
15.37006647451243,-15.812532232392316,-9.871788501507767,-0.016037527376233,-14.69778100908034,-11.409001704247514,-16.467151571570753,1.1329491962471263,-0.3438889464593295,19.79329417485734,1.3484020924865627,-6.408836261429583,6.0
12.957299034611228,-10.722301883300386,-7.030612358810924,-6.881045764276268,-15.524882443509238,-10.023967316669204,-17.370241965886553,-2.0029465425265744,0.903876406226088,18.856946841836205,1.320511779778633,-5.578417939329792,7.0
13.80375822980054,-8.575754150147239,-5.352000176446781,-6.0029040990262486,-11.169580353169962,-8.623028260809436,-16.339534136682477,-1.6290322722418566,1.0253796933952928,13.298294709054332,-3.793166126160504,-9.562729431028508,8.0
12.80645546464737,-10.999678421956236,-4.63652820109496,-9.438018638376372,-11.72407842158323,-7.453485542035775,-20.115863608972013,-1.3414756002533328,2.3000469001716457,17.798497330257227,-0.0526611193506979,-5.5107363551679125,9.0
12.755651760626344,-7.407899199753075,-2.789043389569548,-5.944484800837784,-14.708007037607404,-12.390066067253905,-18.08300449829997,-1.9803642847467624,2.180171414398301,15.257411143949115,-1.6963785450413114,-8.171556670755797,0.0
11.80811154779158,-9.383599304951186,-3.454540820789354,-8.146017226909441,-18.34326463535945,-16.133903184579555,-18.838293593678248,0.040130191035959,5.5119354047127,15.310387708938162,-1.211955897180625,-8.35899425633471,1.0
13.317091482689916,-6.444983829947468,-1.9703070477873728,-6.453998186741442,-13.008018212769311,-10.656894986289643,-19.375228506416327,-3.222895237848428,1.3825597857476954,12.939718957493104,-4.130925595827451,-8.977894214958043,2.0
12.166686215393437,-7.362427052323443,-3.861298498254985,-8.018307893273736,-16.81482436328811,-16.549797646715778,-21.774104686603096,-1.152786326908241,5.350904684376716,16.763627316347915,-0.0966769628554947,-6.048466351782503,3.0
12.952055732098549,-9.09965423927618,-6.563561063705915,-9.527127172715106,-15.974969386932823,-11.9559339996559,-17.436786062968316,0.2859092824663649,1.9787987766210169,16.92224634101021,0.5555732441524188,-4.291367151952063,4.0
13.323641627665134,-10.03220916995782,-8.049219942116887,-8.145637562396876,-15.694534853118096,-10.16168606104701,-16.674115985878398,-2.04190110059811,-0.2411461768103613,17.598208576919898,2.3312238049522978,-3.377945892858678,5.0
15.095469852583326,-15.345034391247497,-9.845336761639013,-0.8422673025044014,-17.074881968094523,-12.720656230081712,-18.2087370817809,-0.3147266534787095,-3.386006100734809,20.04082808247252,1.6713855719234936,-6.719311732679945,6.0
13.367993846632912,-11.076247282245602,-7.059625539317898,-6.381336867928533,-15.711733147722022,-11.05348582681545,-17.575160047433418,-2.062552693667661,-1.6585839455554212,18.33510673658382,1.5881279923109926,-4.999432620584587,7.0
13.904581940493154,-7.793977843411818,-5.075067413406151,-5.973618084669536,-11.773635128841034,-9.584218231714248,-16.304973360298305,-3.230346309202928,-0.4389685006135568,13.071566255075634,-3.162643108246745,-8.75781028951671,8.0
13.586022171805908,-10.0461731141459,-7.650373662116143,-11.660603603873296,-11.320733525600938,-6.335547540944039,-21.949308624706514,-0.3784495667778104,-0.343489722486901,19.552559540868856,-1.3195484946655376,-3.968532891981988,9.0
12.82295834495551,-6.679771916840926,-3.629448914369567,-5.151638442145687,-13.437243780133011,-11.92106205890156,-19.297373456391234,-3.678641862317877,0.6204069314986077,14.287328872209496,-1.2849086724896732,-7.015772459260637,0.0
11.84649425206919,-8.626099839273312,-3.338887961422988,-6.516326408634361,-16.997435386591775,-13.87754865242776,-17.182791002359686,0.0045740937196341,6.305303619042007,16.709737620898544,0.4931927104513439,-8.037741802252878,1.0
14.026078090335206,-7.571264218556627,-3.644303565083367,-7.744411900777156,-12.837616203950503,-9.065280702532792,-17.960799918458836,-1.7228970394284635,2.6183380393093785,15.116708185463594,-2.420872676108345,-8.505981069669684,2.0
12.410214349685589,-7.46645004403599,-4.678489129141506,-8.79200583271782,-16.580386055712225,-16.011679242097465,-21.888671375471,-0.6511722320410571,4.311247262209975,18.596277826192186,1.209343055882577,-5.351903692692594,3.0
12.168697639656273,-9.433057209425272,-7.912642883088373,-10.698883671951132,-15.691701579853524,-10.549163221424854,-17.955111829482835,-0.8369476693313919,2.387020438338752,16.093289046779663,0.1412770376261861,-4.387815355484229,4.0
13.24732586249162,-9.906198775559076,-7.773394149961548,-7.25355234720868,-15.054971935007035,-11.724943703714317,-18.007686275083344,-1.022051742454707,0.8670953085948883,18.00790169305945,2.350337640726343,-3.2930614567368486,5.0
16.415268264824853,-16.514500498871627,-11.04455851582443,-0.2273191237605784,-14.063604513269416,-11.084118908923546,-18.94786743996231,0.6046234795827309,-2.865800217062205,17.696778095118752,1.5720132770563944,-6.053012053315734,6.0
13.032848048899757,-12.483008238485152,-6.750626389241041,-5.1973314043855465,-14.582150215838874,-8.825129706404724,-17.910542147571668,-3.341090987914439,-3.2101788371277533,16.52339891744416,0.7477903634458051,-5.202413682618421,7.0
13.549206609929616,-7.976600395822616,-5.277195509859142,-6.169198669294,-11.261617232419102,-8.75194821707197,-16.900407234391622,-2.849573687865076,0.8030163906191999,13.83635499556287,-4.512416256893967,-9.969575295221176,8.0
13.237011727957158,-9.15812275886212,-5.054284186883629,-8.02689120475267,-11.641465601426448,-7.252963494768541,-18.99032976543885,-2.2420342066132224,1.283943579963598,17.300452482316686,-0.934262028613704,-6.660548219533518,9.0
12.918804655827037,-6.589831698531223,-3.746621038401609,-5.67429779289034,-14.010604096551774,-12.790576979485207,-18.8707584701568,-3.5424273572727003,0.7600708659193093,12.935993109227136,-2.478249242841318,-8.93392585003773,0.0
11.777673576149834,-9.346248928564089,-4.456303514842818,-8.533812964212094,-17.672945479459354,-14.653946099162912,-18.06495691854209,0.1797208193107354,5.237496468858867,16.46970165516655,-1.0566045638390715,-9.01446921287679,1.0
13.977751598189768,-8.905212247608498,-3.009379933775533,-6.796271905694954,-13.461367041674425,-10.203639315296352,-17.63506253049189,-1.3629308125642667,3.246118965933451,12.637854374997882,-5.964344303147877,-10.53474831430991,2.0
12.122894242050355,-8.721828624270415,-4.884337940126921,-8.581303829176667,-16.931794349542987,-16.90938655496088,-22.57558208775101,-0.2539382509731109,6.046719106531111,16.780801078220236,-0.0382590886874491,-7.248375181955209,3.0
12.578732668025838,-10.132365956158765,-7.093101823213936,-9.578083827280356,-15.987709355551498,-11.897104966139452,-17.62246420914312,1.042906169081342,3.6844232564155615,15.70339250502346,-0.7498460632959236,-5.664389892616284,4.0
13.531613469366558,-11.456530606495203,-7.024115788350918,-6.860632351688867,-16.238849114865527,-12.453105604538536,-16.79404617304416,-1.1503089590180111,0.9800448969731158,16.877634986187378,-0.3529224403615369,-7.291002471453783,5.0
16.233015550291032,-15.962381476900186,-8.900580436644235,0.9273885596195732,-13.419060167631612,-13.825638505847484,-16.179610406833774,2.235496588511748,-4.389757407342653,15.537452485253183,-0.2991850585927825,-8.898742205474585,6.0
13.60831303706193,-12.552894066127816,-6.550263614287031,-4.947803580226953,-15.421179313101668,-12.846189968744714,-17.61455589948471,-0.833393760500849,-2.103489179446557,16.18193450722408,-0.1498379933635585,-7.375084358424311,7.0
15.00821777885509,-9.17676522411138,-4.768689579750106,-5.9372257108469215,-11.613815151126296,-8.730960694348468,-15.710955517693636,-1.7051568501371483,0.7319164730204132,13.611570221874976,-2.8538506367574863,-9.588328134368185,8.0
13.699379636117378,-11.46680323457342,-5.165391398742116,-8.646496296432339,-12.217632726308704,-6.947145459325704,-20.399531215230784,-1.3652367222463964,2.088202676137962,15.743680003049407,-1.5298106215669085,-6.524132275359746,9.0
12.781242823544686,-6.344892613655229,-4.498383151113408,-7.172744795419463,-13.772994153132029,-10.859395318270533,-18.89041961109989,-5.24320631614361,-0.477050119436071,11.820449193341105,-2.370656224399661,-7.859549608495304,0.0
11.686263596250608,-9.329192377037623,-3.793096545827965,-7.748842976721789,-17.54127282402205,-14.371712897534184,-17.620958681347105,0.5272481091346447,5.975717195825284,15.757692616957302,-1.627789831900761,-9.092395954015911,1.0
13.150185421840208,-9.19852334254788,-2.679528475744329,-5.340410541949586,-12.24122799916171,-9.618970695953626,-17.76484421776633,-0.9267967396008376,4.108245808564268,12.24503678436317,-5.163830053661404,-10.588407882278206,2.0
12.33233604417902,-8.365583439716577,-4.411514321489915,-7.36777513945219,-15.7876104932821,-14.797313272204567,-21.34756111434567,-1.3846001297651171,5.076215053723608,17.528798975947222,0.5316063346303795,-8.135864897594555,3.0
12.211827377809724,-7.890853135321702,-5.9644881639840746,-10.119551026872186,-17.25537565351878,-13.215841568709443,-19.02359377939581,0.3821809996915464,3.013340435236848,15.168541261705585,-0.045891267355041,-4.784258446389072,4.0
12.811386395653493,-10.655790763117036,-7.579754933517448,-7.873248213533208,-15.85422377481174,-11.432259606895672,-17.163654323016107,-0.3146735969714506,2.3170567360011014,16.98010474788954,0.0090943698611238,-6.491061274157574,5.0
15.474766271867027,-16.11010837697059,-9.663864965617444,0.4595248876903026,-13.164434233164974,-10.989555497822597,-17.327495767338455,2.804229576701607,-1.3837805444668665,18.037718424769484,-1.118642981875536,-7.12297804125872,6.0
13.590613822495088,-11.557998164071384,-7.541167427991239,-5.348830211812594,-14.933003987442854,-11.272716145217547,-18.215251049343216,-0.9489721247277924,-0.1080409170857264,15.80874032804222,-0.9981191567482534,-7.241201032443953,7.0
13.824966231214692,-7.4424939627763615,-4.351304028355671,-6.271207627665335,-11.035274117431104,-7.980470965507565,-16.088828376645885,-1.0748810815077718,0.8203915451604349,12.070028864562216,-4.79257273116163,-9.283368660210146,8.0
13.965092272890566,-13.49425011487222,-6.5045283681209245,-11.804080319383916,-9.75780587231266,-5.58388532166564,-23.88548273180996,1.8673800328242764,-4.533787065333596,21.376973191598164,-1.981643440026374,-2.936369373790793,9.0
12.976354300360487,-7.375327500317529,-3.9810527338422026,-5.185534847931744,-13.519375800497151,-11.717455805659196,-19.93605337945128,-2.9753349143003893,2.5334048486211573,14.924544844676149,-2.951726433632274,-9.050619475627864,0.0
12.122480342096685,-8.126994169903876,-3.1987880491177947,-7.60187909570627,-16.183846786130555,-13.810656688789033,-18.72872853047592,0.7656997091380728,8.05484090785892,18.28269140281182,-0.1040948473299897,-8.083869719415683,1.0
14.262856562914267,-8.543651222583538,-3.741192054421641,-6.148076970117055,-11.642721984743387,-9.921360690414748,-18.79496492218039,-2.237205729036347,3.173959807953186,13.01477168561658,-4.63472548289166,-10.623814202782158,2.0
12.32086890741087,-7.25880128027152,-5.2832856092783205,-9.128355129037814,-15.34347154719317,-15.67155963268885,-24.28044862953197,-1.106653041021665,5.905556360491848,18.987988874812284,1.2707363563284335,-5.898543676859435,3.0
12.326193536542757,-9.484658911812,-7.03413627813235,-10.2204447102551,-16.42858583871746,-12.42339974418286,-19.064704686321864,0.6480558857715061,2.970227739150653,16.88438505250916,0.0030805553150032,-5.515931258470997,4.0
13.718935664872433,-9.923758588819256,-7.112708593643827,-8.257039202395516,-16.239611405146686,-11.612190739068671,-17.938501386320116,-1.368741455641428,1.548587404057849,18.77167483590584,1.0090582926044485,-6.302408152279516,5.0
16.231282876753077,-16.01038560893035,-10.954362547350264,0.7459682621323265,-13.323633058518457,-11.305917180882878,-16.0732133504252,1.404246307667137,-3.071759818879192,19.774418064935347,2.5233801545515635,-8.366830431198549,6.0
13.580818777838097,-11.932275829595628,-8.173311634387822,-6.51565764676562,-15.981617458250026,-12.007773447977772,-19.56709748325061,-2.588190880286647,-1.4515535862832236,18.31641683301333,-0.2357062118783907,-7.200346388784099,7.0
14.341418621379466,-8.478105548243063,-4.92340805632514,-6.905831272028088,-12.2708495538719,-9.88832298793946,-17.597218640188466,-2.774840608476139,1.3672302917493615,15.447826448529367,-3.143761896312104,-9.524285644340008,8.0
13.254658291573982,-9.470185739851043,-7.332784312685483,-9.37948843741096,-10.449108944299406,-4.552516984837475,-19.79983194481706,-1.373124785869457,0.6310310276354512,20.659037436478748,-0.9395329315394476,-4.304068137923976,9.0
13.184513794235226,-5.77030755417428,-3.324478640363606,-5.499151084008701,-13.104387111313752,-10.018976449211063,-19.59406200390422,-4.7821585825862805,-0.9827434491682095,13.046515342229958,-3.274688132337183,-8.474850403762131,0.0
11.944424185733354,-8.223391151676367,-4.194823128239455,-8.490468911796052,-17.0018529336314,-13.57690405966198,-17.834362038759682,0.5429459671532058,6.814076207970175,17.35961937105355,0.4819574717357313,-7.792245651199348,1.0
14.086311790846713,-7.95834567678087,-3.561116135654278,-6.763917388871247,-12.0866430577924,-8.271646538325902,-17.277470691417463,-2.0639100236679675,1.6125952698703734,12.97016619969098,-3.907991228281084,-9.492036253065509,2.0
12.842289014317652,-7.398678622583186,-3.189767476789334,-6.825820851755307,-14.246474767321956,-15.398370864058824,-23.37707443582488,-1.8228407430223847,4.260373144438541,17.248605994959995,0.3556191215225483,-6.076533175735227,3.0
12.695079723611972,-9.384572599697076,-7.507187936421353,-9.882185347397463,-15.252312269906025,-11.433916621578256,-17.727334276742813,-0.6237424514569773,1.474190847438273,15.944342146807294,-1.1355353874875362,-5.774765661938863,4.0
13.878036573127146,-9.436537087754468,-8.802521135793048,-8.80405897286545,-14.296161090284343,-11.502310565912872,-17.96754181214635,-1.549147837848738,-0.3550401598368993,17.973187074529303,1.2187516672059462,-7.373247042875323,5.0
16.835604154998112,-16.884486777520582,-10.263116474682343,1.4087150025411297,-12.428373118080753,-10.346548462065586,-15.363534018324977,3.170388481819112,-3.268724643085117,18.16281091715956,0.816917406590905,-7.493810738579825,6.0
13.62355045205802,-12.85207143116932,-7.608929423491633,-6.224209514336025,-15.41200271522765,-11.736190174869996,-18.597449224251267,-2.562944071459103,-3.288083012285351,16.892441256142064,-0.4934624837279404,-7.615305136574291,7.0
14.569535506392414,-8.842503945494693,-4.465454210767375,-6.233556706800272,-11.497646238955918,-8.735895754833344,-17.2216959781279,-3.244753358801882,0.013137937521687,13.957674700261965,-4.058896587954807,-9.24088619860104,8.0
13.012983969935744,-10.633931614309988,-6.377275559787965,-10.992117702021725,-11.76734219735174,-6.418010555445965,-21.857141531802533,-2.343226990631329,-1.2669355513612734,20.597724565847003,-0.5988123618595679,-6.556536023136985,9.0
12.577542889050491,-4.86742286601402,-2.9166971423613126,-5.38482949322168,-13.805524031008373,-10.943406014186603,-18.70818237026308,-2.197778242833241,1.5488629437963068,13.6060223439673,-4.723065471115448,-8.449627324618051,0.0
11.728153695904732,-8.39379524352442,-3.4952468466331297,-7.915281478301823,-17.22791544020457,-14.231528841520047,-18.444000724789827,0.3445103783026893,6.100037224540429,17.85445171565107,-1.1802992444166658,-9.291581514306875,1.0
12.949616579921337,-7.494253449725133,-1.094717277160504,-4.585987109836439,-11.466930775026974,-9.738840185380337,-16.6514951813945,0.2462252012047729,1.9889132126042008,12.937463523749562,-6.256835342475988,-10.196411168905632,2.0
12.225785006247438,-8.404533017589504,-2.6739559137900226,-6.617561652347162,-15.676938623926237,-15.021753451203091,-21.538082427063884,0.7901197866082217,5.469691814399692,15.665956238520216,-2.8615155749715,-7.69575578647902,3.0
12.29149668138574,-8.977889327638769,-6.72156007979537,-9.621597892102304,-17.28821972683647,-11.35383938920262,-16.29228290043956,1.8393686982230664,2.575032735763322,14.328117875982114,-2.0986163060601872,-5.275755735196386,4.0
12.579494996600006,-9.482845411716328,-7.918284651523475,-6.848875111644847,-17.092431760506045,-11.390701450619162,-16.8462743165235,-1.878568430027127,2.1742119219239058,17.799772917861116,-0.2390636083727376,-8.288758353976679,5.0
14.958632776443483,-14.821214217988487,-10.088975447033226,-0.4965440801622169,-15.467331448944668,-8.163997381064659,-15.422447288352137,-1.5735237549823822,-1.0567460562237774,17.92668564691505,0.223651665685177,-7.069375311060278,6.0
12.619102971531186,-11.9075913109845,-7.537274007053624,-6.065872278361989,-15.164690251697465,-8.280944041815006,-16.372164396729907,-2.321966519076859,-0.6470847301891782,16.016992976820635,-0.6157906628323594,-8.258617669842709,7.0
13.17412364503507,-8.218983617880085,-4.598851226137849,-6.717141469776236,-11.882634119139752,-7.719106173999322,-15.666257929294424,-1.653696448518511,2.2484691743941125,13.510597238950554,-4.849107743731885,-9.026136384463744,8.0
12.818516752286987,-9.29246319594134,-5.184483615945278,-9.939867409699628,-12.932767127942505,-6.226601106802759,-20.453570614935984,-1.3350416748943217,-0.0670462047832704,18.818857982861488,-2.458125194577826,-7.175625645473582,9.0
12.50943727554302,-4.102889566672489,-1.609743377916181,-5.6044580592257125,-15.096587608565342,-12.19303737535881,-17.034039113726994,-2.2651825624199327,0.9260414088950644,12.542015715482552,-2.735495551183188,-7.377099558275441,0.0
11.768383373347064,-8.209223834303042,-3.341756140992693,-8.890466249033462,-17.807291755948647,-14.89250047378938,-18.025825524944228,-0.2720812704715357,5.341932658942191,16.562508107252736,-1.1400611551105144,-7.807729732103362,1.0
13.083217293340384,-7.036313905992887,-2.099823427561756,-5.769579214077394,-13.045902843538716,-10.972555112826347,-17.07267333216386,-0.5503121834164578,2.1068830098654603,10.899447451550888,-6.541531515570835,-11.062976172043014,2.0
12.227614334058014,-6.936553603472179,-1.8746031169272408,-7.242997018931346,-16.05190034102282,-16.047646977200408,-23.21132321614904,-0.0765764707209732,5.805509621526701,16.607953031442175,-1.999539585586017,-6.309645016788051,3.0
12.253852269493269,-8.004550891312457,-5.199811285522262,-10.172568302929188,-18.331762824900427,-12.961691473161784,-17.304328338745115,2.5830756350503257,3.3494096958170863,16.422162156541006,-0.3051581976603034,-3.3124203241149006,4.0
12.661945521181629,-9.212377737286465,-6.522147208396756,-7.534046699286115,-17.068887474846868,-10.747979638120531,-17.091896983677994,-1.2946518316786269,2.855915214385924,17.452001265156245,0.2778589623664258,-6.26375230736795,5.0
15.462369241516926,-17.112130377969052,-10.27590179312878,0.513695085941397,-16.366454414645652,-9.469055685512531,-16.646274767482414,-0.8353608085609864,-0.710268198061634,19.700821954103063,1.2611350536419463,-6.407681997857484,6.0
13.525190187762211,-11.320685718351038,-6.460335415268638,-5.794044477097554,-16.680100363996527,-9.449591575926066,-14.989940774552483,-1.0486490271785205,-0.4588461458058693,16.43481223757096,-0.2433973593569365,-6.154735509041281,7.0
13.50891904399245,-8.27310250909619,-3.879257536606165,-4.954307702308409,-12.023928617709643,-8.137284770978045,-15.053900904234826,-1.4721474430805968,2.026206789387296,14.118948976864358,-6.397616103817144,-9.31688598533753,8.0
13.599677122886526,-9.881817331277896,-7.101859828014524,-11.663863050273743,-11.889843344476926,-2.442083302966816,-20.55511378097744,-1.624235537377407,-3.31815193220718,18.14813969132092,-3.201592451459089,-4.561025014701014,9.0
12.586228194737457,-5.123778243181154,-1.6349996510607436,-4.105683620558782,-14.204782243239553,-12.60440835686373,-18.161662017625183,-1.693082164959895,1.6459417665542413,12.73755406732248,-3.64449036990139,-9.091886438008794,0.0
11.645115187780204,-8.206093153993768,-4.20286985969556,-8.923297909311904,-15.769993363073413,-11.27233374502528,-16.372156854422045,0.2643306113691013,5.880668609332947,17.05139661971734,-1.0675977434859685,-7.530111191136181,1.0
12.434725109820327,-7.549139139148492,-2.269900194009548,-5.340850648555289,-11.7457482816838,-8.740226338716617,-14.811005506770496,0.53945254150643,4.173476955085926,15.1349806255684,-4.153424657662733,-9.541293413546008,2.0
12.3656900068912,-7.00069476299252,-1.0607884889878405,-5.249777610126138,-13.557253322067874,-13.723320236882788,-22.778002717057102,-0.4802815178092636,5.617342158015762,18.27186585046542,-2.817797327655427,-6.674542479378991,3.0
12.429680428311308,-7.900888259450991,-6.71233744459016,-9.48227314607853,-16.58879738383819,-12.094554744872006,-16.796863257956808,1.365536894674316,3.222257738394259,17.515281370937288,-0.8191152151249235,-5.158227520080103,4.0
13.241829171232776,-10.308036203744164,-8.742471085447923,-8.394101440313058,-17.084086116068313,-9.849924220389736,-16.925087769455033,-2.4197920289302943,2.5010267467712626,18.839234714221288,-0.1707046217805239,-5.955245117390559,5.0
15.59227569601664,-17.237705828823007,-10.685241507941102,0.4873704595997667,-16.87976968144544,-7.624098751738956,-13.65001727397884,-1.094077012466204,-0.4181244571527642,21.06868681630828,0.8210984880426043,-7.585135868253648,6.0
12.90045537379094,-10.51496163830288,-6.499278884507446,-6.758268968136068,-16.258937803130806,-8.847306642089478,-16.485755285954582,-2.0085037867569,0.1497676247461309,19.22406141968905,0.6753831535810199,-5.210458638554914,7.0
13.29112277712922,-7.162647313807208,-3.727256738422757,-4.369748400533638,-11.385950370609963,-7.124172772932516,-13.355393782003455,-0.7766698270187399,1.4989812516543046,15.827246748077176,-4.107692815616242,-9.053504939712532,8.0
12.660614879292211,-10.392467635321385,-4.249500334026984,-8.21859411094844,-12.772934476977762,-7.456970313879313,-18.18844187093929,-0.9469249210524244,1.336352810232009,16.79985207936448,-2.8762870952917345,-6.000165251972863,9.0
12.542078208184178,-5.850532483871903,-3.1090630277084483,-4.771806233713616,-15.53419529210206,-12.0281039071301,-20.00021504366945,-4.138761898245213,-0.3260879606269567,12.997568372811894,-3.331990187206711,-8.301717478583942,0.0
11.543330144905706,-8.959639837518438,-2.9313818945914565,-6.682657560754103,-16.309141836841082,-13.462303504441016,-17.31082386164689,0.6912369532097079,5.808223283721447,16.14570651703449,-0.9214365920616197,-9.50915536430903,1.0
12.545583100338597,-7.761745005452435,-1.9936299529107644,-5.061334251138459,-12.218961883009303,-10.115917335863042,-16.34886623589112,0.1014109652381719,2.209719028247216,12.118555375966393,-5.562041347095243,-10.489741487472775,2.0
12.189920777726398,-7.090152120018012,-1.4877653637590798,-6.150218729463802,-14.861368579180189,-14.540532614113127,-22.32231222493525,0.6176562636963384,4.862798450149024,17.88658902180517,-0.919568896070174,-5.349489967206218,3.0
12.09976780273616,-9.238551187777674,-5.981236659413737,-9.629911139701669,-16.924447143047637,-11.717802644913728,-16.56373508268119,1.7776870039931587,2.543737862517084,16.509841101474166,-2.358744561672089,-4.027020363416837,4.0
12.860640642312989,-8.75291747042737,-7.47339260752384,-8.942635649188782,-17.913635577074373,-9.742443724151723,-16.672498950053267,-2.474372267466346,2.319254053499129,17.003134955654307,0.5008009125420281,-6.355015166149307,5.0
16.11185680308906,-16.15059185096067,-11.815329237638975,1.1045055464288982,-15.680734436236555,-5.037103914473941,-14.51884885787943,-3.800721880889883,-1.1771869382322226,18.113327939414667,0.9499027501989672,-6.20466486578152,6.0
12.839727299234111,-9.846959268626016,-9.03963186853362,-8.680608569678473,-15.293725290223897,-8.571805151044964,-16.92034459393231,-2.8605009327188995,-2.253064787689634,16.59618703881815,-1.0705352105050718,-5.480141938744351,7.0
13.665541684422069,-6.911055865394689,-3.6131103171521377,-5.100405289548073,-10.772601232921067,-7.500547050022908,-15.767537918052607,-1.251679530114825,1.5718172755543007,13.4633731419887,-5.002789893419043,-7.977074165416553,8.0
12.858959758872489,-10.745934586884752,-3.8414275991277353,-7.460381820448937,-12.00483483079745,-6.877335024950333,-18.66409158910698,-0.1772062484714713,0.3265560048408603,14.707627694611858,-2.113036155489149,-6.586750719671804,9.0
13.073427504259245,-5.303067076787676,-2.8405293039283137,-4.6842514433380575,-12.460790017616306,-11.17029659029208,-19.16787209016828,-5.429449804492925,-2.4817480144777693,12.739232836461415,-3.991683086345606,-10.85584863822609,0.0
11.904504335670303,-8.427294386918694,-4.5365258936973865,-8.487623059049117,-16.572583228576303,-14.806651608404373,-18.8757043873624,0.5267299952973076,6.747663077382767,16.262213360183484,-2.000004503379378,-9.45197217442342,1.0
13.781843073418283,-8.343700293416598,-2.486171678413986,-5.371969885042293,-12.85972914858769,-9.990567351971857,-15.562578060797652,0.2823309747423213,5.709655468374817,15.134446243080786,-2.8425514126235605,-9.21347038325836,2.0
12.10738749842202,-7.547558793935128,-2.7703293009839527,-6.9106855886899154,-15.63264186684116,-14.539351201035378,-21.399952708395816,-0.4815024984967579,4.980076393469242,17.55569154016472,-0.6923654955179449,-7.424113655012,3.0
12.40975889890673,-8.847987239224642,-5.782382415912508,-9.370089042638396,-16.4027835096831,-11.760424761233391,-16.929394549137,1.2790067684070967,3.9639635067425054,15.459747734335554,-1.4313742986482954,-5.31790091762956,4.0
13.83951001505592,-9.012558798076016,-8.12982069829221,-7.890015169361055,-17.262511309304585,-10.374426088816952,-17.2480843466656,-2.0769797293776944,2.1287117761920933,18.451539326481736,-1.0222551292820865,-6.805484603562546,5.0
15.626744889185446,-16.44399489420476,-10.557367782717645,1.5963582564013068,-15.64599696585154,-10.511078362245994,-16.001098072057125,0.7139350739810316,-2.715929181263986,19.53775799808743,0.2787622971180452,-8.451781081849953,6.0
12.933839512695,-11.077891364053684,-5.611036736616371,-4.44524224142208,-15.36494907837894,-8.397076342938584,-15.921521628248923,-0.5243219811843677,-0.9290613584338188,17.029160399389674,-1.1290294394912042,-6.650127239822948,7.0
13.909601327218382,-5.915841743340323,-2.2235412816203075,-4.278391285728276,-9.166079873598273,-5.405872063370405,-14.234755407648931,-0.7567505680290759,1.5418909331744937,12.689393147603584,-5.376245113649514,-9.763057005437824,8.0
13.890529740745924,-11.976027754487395,-3.024865250954118,-10.319912790413294,-9.006376374920778,-0.913449775640666,-24.75170907252318,-0.6463382912406485,-5.08486890236399,19.22241795453873,-2.923186044667867,-4.541496121916717,9.0
12.940205344959194,-5.79342079238106,-3.592218985729274,-5.004100088086796,-13.454310976360713,-10.28364358884408,-17.219440743837737,-5.4365282617030415,-1.635673673095088,14.911205667507156,0.4536328581548527,-7.550081467035233,0.0
11.638310830997614,-9.489675584654336,-3.6455179991379314,-8.467262923040783,-16.111704499139766,-13.020430623539394,-18.62449771611539,-0.9191046355375638,6.9282425319609855,17.156440875701335,-0.9839205052355536,-9.18128696861702,1.0
12.265816528415128,-8.120393020619938,-2.9994048260586306,-5.481306820993819,-12.134000876022988,-8.954531118637535,-15.233586997999277,0.4986292879581854,3.3910746156276805,13.704216233899018,-5.083673310779495,-9.992719788118947,2.0
12.050598666536548,-7.570198988866499,-2.6752694505330057,-6.292973074950086,-15.306382235607751,-14.436624872999838,-22.7517538892849,-0.6167322775682441,6.411653311112642,16.839808955879448,-1.977942850407653,-7.350029198316982,3.0
12.12060212232934,-9.057495493711697,-5.767822701091028,-10.54264246059402,-16.85279475706776,-11.050138582105792,-17.480802880666626,2.079833974656648,2.581559562312536,15.933844968475809,-1.7530488589720772,-4.877884615916198,4.0
12.821163428769868,-9.107282324637742,-9.245638324186894,-9.169854199809915,-15.636594708704733,-8.465210143926132,-18.66938320634964,-4.20597470223835,1.4523275682692711,15.837672089515838,-0.4176779284427141,-6.62487596609311,5.0
15.400938323176954,-16.89312735487892,-9.885699071555146,0.7487461126540624,-15.799152177951736,-8.103180700248254,-16.974688662936007,0.0409847218677583,-1.5869086787825606,19.10712985420508,0.0226719128216798,-7.29898816994095,6.0
12.47524544008076,-11.487508477497382,-6.642074507041648,-5.477769009546704,-16.446686829236334,-9.175939743336103,-18.64046604085507,-1.256683829837788,0.0916882830370487,16.049085129954918,-1.577906889035126,-6.285557914903163,7.0
13.13259405836926,-7.300574823713382,-4.218804693408514,-4.599677444907363,-10.618320600191756,-7.129078068105229,-15.104895748367962,-1.1856747432037011,0.6139791233436523,12.712215017305782,-4.461765436288641,-10.2690821816472,8.0
12.585493663758935,-10.824085501301184,-5.203971715853787,-9.118729217041755,-12.434481779284852,-6.944772225678299,-18.816783872325804,-1.185539571204685,-1.188541641474982,16.90108731847918,-2.463110432742889,-7.838314222805561,9.0
12.444106298366368,-4.955598373189087,-2.396162699654915,-5.170626133725746,-14.918787176298064,-11.577833264422704,-16.92325955316811,-2.715170813538593,-0.4416221856525595,12.5835600802626,-1.3469592854964807,-7.492738922286067,0.0
11.723027717078883,-7.149134870267556,-3.2518439511848114,-8.692406101284988,-17.96728096953827,-13.9697168317852,-17.014072899358073,0.4534107619495169,5.884746353109561,17.077876481973917,0.7169600751026463,-7.7265822194102975,1.0
12.768724848526263,-7.815682162303574,-2.688197444339816,-5.935810563052085,-12.708257034443582,-9.943840655899749,-15.472947379113451,0.1339155133828906,3.1695849007627674,12.755149658650058,-4.320606615600769,-9.199193881956145,2.0
12.200948808766784,-6.148059653799475,-1.874178458106761,-6.152375432577459,-14.747388225512896,-13.979411025263923,-19.869347314972245,0.6632832639519398,4.872763237173555,16.489193430142638,0.253524740675002,-6.366358317614526,3.0
12.174804258682034,-7.886652868051297,-5.495679182636083,-10.494102372868529,-18.061555936773694,-11.546659453159071,-16.624926532364945,3.5621167230047286,3.055647460945925,16.812884240996134,0.4950843527335051,-2.9980892283191296,4.0
12.911363816958245,-8.024873739514929,-7.173072480445757,-8.472712453713006,-16.858840567791447,-10.744546834726124,-17.47971785253226,-2.263477130116192,0.7937035122582927,18.62878580986581,2.101620429640644,-5.518178015192625,5.0
14.93702073526924,-14.815135204460653,-10.296958530332429,-0.4948369815848853,-16.759560371515278,-10.738102141584797,-16.16698078922672,-0.6014737679526718,-2.068505569321603,18.839350617525213,1.6754222051193015,-5.291167190427356,6.0
12.536258741860262,-11.255824917695335,-6.4596432902600105,-5.656844129530973,-16.76391712580938,-9.705170796107298,-17.550441323179754,-1.8696400180645711,-0.5351697001682981,17.47088264592241,1.418849007127614,-4.686727646738666,7.0
13.603868793622178,-7.06227477790615,-3.540677131380362,-4.999506264491903,-11.338904204293296,-8.030736899838452,-15.74738184634094,-2.5405217791566583,0.1970887489730856,13.265130908828583,-3.143452352017664,-8.990482490206857,8.0
12.3983276023686,-8.969151194583537,-4.9267667145673215,-9.510478098525471,-14.077661208141588,-8.233713554331278,-18.808891422435167,-1.495029299679782,-1.7771461872745855,15.544437930355803,-0.4312085708544259,-5.47089593942281,9.0
12.517651709585309,-4.089073578078439,-1.7770812033546604,-4.899346303916883,-13.804629400461383,-10.641679108695929,-16.96590769457687,-2.132632082772027,1.824702489290159,12.21363745579958,-2.602966570025258,-7.488840922265303,0.0
11.769949073220772,-7.043719311247423,-2.553864441299822,-6.966282847904786,-14.94508645376947,-12.283465593687207,-16.400390259477362,1.917094894287791,7.513268636069497,17.956959535572324,0.2540934477166806,-8.356645626914238,1.0
13.05288453163612,-6.921666904027084,-1.4145394082064024,-4.437023283253238,-10.827640285926847,-7.965374185240281,-15.058273763481951,0.9668364728930224,4.627347059674232,12.979960901207932,-4.104845166787352,-9.01970322586225,2.0
12.153891843909909,-7.290743076031803,-1.6756448733918552,-5.819185887867088,-14.090690632932636,-13.218059031646696,-20.588546578079544,0.0673970708015327,6.027712273864697,17.22889554286616,-0.3402733844097252,-6.859687030620361,3.0
12.091369157189508,-9.174201420036686,-5.290440342677031,-8.544764912977294,-17.039306601872536,-11.527674723097329,-16.1087949894849,2.840741660367317,3.0039417891171563,15.43632235539543,-0.7361440326003208,-5.0069043196461855,4.0
12.805165289793845,-9.10724107132352,-7.881791321763798,-8.717467735634838,-16.327929767447635,-9.653519936311014,-16.52112750045593,-0.3702620976604204,1.7651109085452357,16.802993798819717,1.5079469164641728,-6.995342854457463,5.0
16.542909611167204,-17.579738802976717,-10.904353792824235,0.1528511045749551,-16.177078490329993,-6.862901339899533,-14.920195941954388,-0.867091240776597,-2.3660679603628827,19.782767589173844,0.6697656509407067,-7.690450958746024,6.0
12.750807201486024,-11.221773116402009,-7.54330605738587,-5.132520516788018,-16.008031433369474,-10.287882039705806,-15.934921036790556,-1.3706828429807043,-2.274793555554385,16.06397249752703,-0.6842894593956595,-7.536122502533991,7.0
13.01990655542144,-7.702996353951358,-4.045298117971414,-5.244499700871637,-11.156487984741473,-6.693845974974404,-15.613090786424038,-2.6882536861234487,0.2844752999023652,13.377794493006414,-3.963191852347647,-8.443969606630437,8.0
12.733832358029568,-11.352266473666123,-3.713903440918328,-10.187555717878354,-12.503975664268731,-7.05954675768596,-19.096494269733498,-0.2198201466700048,-0.9064329759650802,15.912061393312428,-0.6338329772723748,-5.609616428274469,9.0
12.746053464407307,-6.210114887333043,-3.437840701930984,-5.189469647566626,-15.11350566172766,-12.00729685873196,-18.67564011882508,-2.2148408515798788,1.4420990220652097,11.549156835319325,-3.0668331211492585,-7.278395099955959,0.0
11.650215161280483,-8.548372718151311,-3.342900894454792,-7.049213270504542,-15.73217737432624,-12.23037514262875,-15.863690230110564,1.4418977451527533,6.380007300090195,15.493849246865295,-1.7122642545388032,-9.230095213421308,1.0
14.111051277264783,-8.943484133061801,-3.318753258878945,-6.284505876320558,-12.941580209575552,-9.512334154645172,-16.615840897115007,-0.336886591450911,3.2361914788125232,13.285859863314728,-3.5129705412091443,-8.625874835634322,2.0
12.089965020271592,-6.799796042120456,-2.8909240036292445,-6.776376628213537,-15.489665103437629,-14.02233605746186,-20.644302227935963,0.6168883742658751,7.628937077150108,18.212264600349062,-0.6169984119264911,-6.650295051748906,3.0
12.070852094795608,-8.99769959478492,-5.801009340721086,-8.791962206906879,-16.06792799232742,-11.24513628632164,-16.57722529894774,1.1154332314729027,3.734050063748659,14.582587715787907,-1.3984217915154311,-5.626481639627552,4.0
12.840115417161815,-9.764996777339116,-7.46528027180113,-7.793320154206843,-18.00560554418712,-11.766949312675065,-16.74584094369929,-0.840593004333502,1.1893964624782354,17.23603573699361,1.37558724639572,-4.432514028925038,5.0
16.184787825324676,-16.904905223158444,-10.783732015407452,0.8233681218161569,-14.63087194501554,-11.684134598139153,-16.63844407729912,2.818049090297066,-2.737099561880464,17.765857101243427,1.4253784534096554,-5.244232923775766,6.0
12.692464982835627,-10.903964874608752,-6.72737711007667,-6.973505294887523,-16.069649411465644,-8.89623793622189,-17.25925156365875,-2.3471428324613672,-0.4489141233021521,16.166459769940374,-0.2454622268162751,-5.819308356612543,7.0
13.819415478089123,-7.628319066456471,-4.379006774588151,-5.530697240084296,-12.336321611239857,-8.882219887192061,-15.080857008251384,-0.1018938984079372,0.9336678978778452,11.965272993908629,-5.183548122584972,-8.541952861088348,8.0
12.950126577788623,-10.521617256948735,-8.213881910185068,-11.036171497895184,-11.709386060785212,-4.61932064611538,-20.459285457437208,-0.6493187960832727,-2.9468847437087344,19.32240509837984,-2.974865434365704,-3.69765511861693,9.0
13.012942656078954,-5.599546378700092,-3.5465832804485804,-5.0512493345977925,-11.97898169239324,-10.246431889820313,-18.25985943214635,-3.8265467757340654,-0.7457049158938833,14.77472810629046,-1.1681938276362,-6.952252601107895,0.0
11.839864750062652,-8.69155633738651,-3.5120392778695786,-8.442682163868048,-18.78426009147696,-15.434430920300684,-18.128989765697654,0.636607468948972,6.845017863223292,16.080601012908186,0.2281602154567446,-7.322879278809849,1.0
13.560064934945895,-9.093315463443332,-3.255651448607276,-6.404342531948833,-13.641012839266809,-10.634215707321443,-17.47727882218242,-1.2028538389643832,2.944286022032536,14.115662566731466,-3.6596706372275394,-9.755305828468453,2.0
12.274233993050448,-7.562454998223035,-3.4768617512171693,-8.199324834807555,-17.16679395967637,-16.178573635258594,-21.228718895698503,0.0396523183595883,3.715936209900936,17.610365382064355,0.746076987712054,-6.421371286215321,3.0
12.296056119882552,-9.55895099499039,-6.527048588440087,-9.761225152117769,-17.377526986532953,-11.977703059103172,-16.205640172408494,0.578558728042949,1.166792270066817,15.89821375161623,-0.5273372354318034,-4.732095397522638,4.0
13.398524117602404,-10.01193338402939,-7.183663712376105,-7.251992976371223,-15.86160733605064,-10.125516900764618,-16.363009116240157,-2.007703825710314,-0.9188819585616586,16.941899283038914,2.201552027445632,-4.233197994882502,5.0
15.655243108218247,-16.600478152737846,-9.899064475028824,-0.3342040176890751,-14.983457279529366,-9.6847417549111,-14.848863468622575,0.5651864207941829,-5.630460292418582,17.112503461925694,0.2631350394537481,-6.024835676001703,6.0
12.980283900736554,-12.741491675317215,-8.196344825285909,-6.008987615076808,-15.757359579406968,-8.99080991220388,-17.002382796942776,-2.8842803555769394,-3.978578431463633,16.05387117180529,-0.4733197261552578,-4.921892142827852,7.0
14.016617282014886,-8.508506910195031,-4.057835243162756,-5.230341462380109,-10.776224392017625,-7.574971814170895,-15.63960729837114,-1.935487093256788,0.2830033589531084,12.8003298385074,-2.442907007598604,-6.471733891448179,8.0
13.603452351291711,-13.055276498894306,-5.649371649885866,-10.471581303012634,-10.431036523913845,-4.306708982014256,-22.4196876360544,-2.117510608864811,-6.813172790924826,20.67814973899262,-0.6220750939723375,-4.763804150722677,9.0
12.889604983545016,-4.779326343494947,-2.740209588136265,-4.526235346973648,-14.213012756420808,-11.177151949356448,-16.128787601118056,-1.1748240718177538,1.8046126349690028,13.62135157254579,-1.975583729955539,-9.071614354154317,0.0
11.72956393325236,-8.460452279508095,-3.127045995597547,-7.847470495308881,-16.69367462665429,-13.27931529995134,-16.15539241956211,1.0998014949065515,5.68529013820018,17.49993194577033,0.5233822623928345,-7.664322078097304,1.0
12.805286556512666,-6.023608822564231,-0.7676740088757263,-5.349110639611426,-13.654376029011274,-11.178002429517946,-16.810800925623905,-0.6743994669404219,1.2750312790156295,10.564414880306147,-6.806741286555097,-10.195233797946235,2.0
12.327494868339263,-6.435684589642864,-2.1274495042299093,-6.630843984516125,-16.331413898476683,-15.783214119619258,-22.517241714723937,0.2218720488416944,5.163535580252126,16.416211688405106,-0.2914518142875685,-6.291949137385793,3.0
12.132416132769327,-8.079087563411152,-5.349033685272795,-9.629650830857296,-16.896812641211156,-11.807123812596878,-17.28617778528793,2.544235532403175,3.415154339117822,16.38186695472447,-0.405892365241763,-3.925848729701261,4.0
12.774807326774294,-9.327566261619634,-6.966435159626315,-7.338735788734723,-16.96001724480733,-11.782146269151086,-16.858954016521864,-0.1271297094487954,1.1934692244035787,16.248628512657803,0.8699390451508373,-4.253153399341089,5.0
15.36714343287828,-15.25654069785394,-11.627928781400849,-0.3797525525262176,-14.929449394793057,-11.354495028162976,-16.91363214220931,1.934811212155684,-1.9332252494241964,18.132175671668755,1.1257384582064842,-5.754692410796866,6.0
12.798795052721353,-10.910855646146508,-7.339878901109003,-6.949999949200436,-16.21314694360772,-10.564431647490329,-17.451886553264043,-1.2411372169133366,-0.5839996018973687,15.505641872808573,-0.1908453579802022,-4.515334719064523,7.0
13.436160459600965,-7.735910270871764,-5.292059202623933,-6.265728464776997,-12.379891261961076,-8.180295658464805,-15.63085731158135,-2.3801610770582537,0.3158260459869079,12.124366580730973,-4.706629132724783,-8.511957101802352,8.0
12.440751233713438,-11.319366977143249,-4.450724537314968,-8.797143701817866,-13.990112960382282,-8.528104516511645,-18.98754099354861,0.8709465670331713,1.2957781356166578,15.777860088541408,-1.755778929286648,-5.706776520908722,9.0
12.904972356829276,-5.720232779005824,-1.713268728369838,-3.5175743009624734,-13.042819833870483,-10.452193655228289,-16.137841613816512,-0.9264179090966924,-0.7831185475404111,12.435444775175927,-2.371655434485317,-8.547139737122006,0.0
11.843800737415096,-7.460822676090089,-3.5661048403290136,-8.4410163508618,-16.727906104834354,-12.794509472722192,-16.384062081684878,-0.2838957521126088,4.53250867076226,16.033269747180217,-0.6920386307136555,-9.199735294134602,1.0
12.838755715717102,-6.8505580134909705,-2.5497388882733816,-5.897387744988483,-13.248334751655882,-10.805749649367003,-16.761581206283726,-0.354863592254977,1.7929561915346015,12.09997549558887,-3.4396415539190075,-9.84913412883239,2.0
12.350207544085672,-6.4376290287524025,-2.270083107365107,-7.676551210609982,-16.613505812670486,-15.510472098274604,-20.623377127323703,0.1018089862819692,4.867161611330003,17.04731805758721,0.0017773077833284,-5.32641247356251,3.0
12.113737914507732,-8.821312291081302,-5.56290880594877,-9.85957182529816,-17.37437917659849,-12.006485617236878,-16.595278376384783,2.096348506731623,3.015162909479606,15.0861203517701,-1.0907849300905783,-4.586912993712843,4.0
12.78641781187933,-9.519786060175448,-6.391183830739496,-6.392798798280253,-15.364186954471542,-9.86864526893789,-15.93141000250682,0.6443300365575654,-0.3130934486540228,14.996286318718576,0.4831037411533845,-6.4752956711170055,5.0
15.899693547640014,-15.94780391371206,-10.150555689441584,-0.0798412675367414,-17.497763344374093,-10.592393070300911,-18.891327646664383,0.8897381577856883,-1.797915518439533,17.315742269348103,2.07345061545496,-5.30998571555545,6.0
12.456449096984192,-10.457478204086184,-6.952289868871638,-7.693457973796894,-16.243396677575326,-10.663652394594052,-17.14833069276176,-2.604942716938164,-2.6160851235633857,15.27082231778892,1.4258308528862635,-5.06844636045986,7.0
12.93763001879767,-7.24421179098318,-4.7861851327275575,-6.26238521815938,-12.088272060896369,-7.558980491288326,-15.71208858159664,-2.4291236931152858,-0.1195858117830888,13.316757605760436,-2.793052406527328,-8.143505084640086,8.0
12.789585028234374,-11.17727840000387,-5.188241918292756,-10.346050833509851,-13.62137398220329,-5.241067953444331,-20.301792016985647,-1.1937529345336235,-4.361066934121754,17.92426578206427,-1.6709704624998512,-4.748969498469914,9.0
12.628110142328303,-5.350800909331454,-3.057319518491663,-5.463799265340015,-15.014937527585278,-11.64279067123802,-17.591582563087123,-2.547806703431755,-0.0717672801271807,12.278959174845694,-2.097817526713289,-8.925012665955153,0.0
11.6325067367706,-8.555832074514358,-3.750033655384277,-8.405298888730586,-17.534208517950077,-13.885923925004334,-17.292574351345948,0.812506641724929,5.320272761363533,15.33363359300464,-0.6249441102241525,-8.029710600738843,1.0
13.291669579073012,-8.324915186228072,-2.397154329182583,-5.895925599807186,-12.995624286987937,-9.590631713700454,-15.961903034455103,-0.510091519026096,3.011200955226245,12.32544545208184,-5.079929873696393,-9.537547611989796,2.0
12.190656454360797,-6.982388028914365,-2.470429751905191,-6.326971330221786,-16.608489607911398,-15.700010249797238,-20.278823938438983,0.2208752266489027,4.556443601008287,14.47746192357075,-1.1871862450452408,-5.90597537626045,3.0
12.105602193731697,-8.853939683431667,-6.162872219009378,-10.413973395051125,-17.43821603055138,-10.965553385087931,-16.173830256114968,1.0136714140906302,2.6668526890164186,15.24414524702328,-1.3729451122239793,-4.858765624574854,4.0
12.810383248728908,-7.700929334517971,-7.674201379893565,-7.955148943162843,-17.577335920877875,-11.450818298373362,-17.625375019855746,-2.862338235610222,0.3388707672712319,17.372837099744764,2.515422998140713,-4.524865939430076,5.0
15.749590745757398,-16.39565618470047,-9.411053129607945,0.6930223688146793,-17.154116178756745,-9.072061827781324,-16.424871196004084,0.7460269366532113,-2.9671704271989845,16.755372005428804,1.6179857846939152,-5.806353373547907,6.0
12.769540677448989,-10.50849014638084,-7.108549972121532,-6.551979922552119,-16.44349634238029,-9.31631316276801,-16.578236763557587,-1.3987821493336434,-2.194393509899732,15.822604798088353,0.3019309007298389,-5.731873565797648,7.0
13.900667820683942,-7.159556011703808,-4.168783198261328,-5.624243161389631,-11.14486721260371,-7.2588324896347665,-15.16613367471619,-2.14919176062732,-0.8753827058251745,12.324016001645152,-3.9165216428807104,-8.799050011264788,8.0
12.91905469963162,-10.18844574968459,-4.684252395433651,-8.774422856675084,-12.039389629539944,-5.553265937064294,-19.87755807794764,-0.6338619249638813,-0.9495380812874774,17.778708933385136,-0.7277818754021106,-5.139252929622582,9.0
12.776827737348556,-4.775129859579144,-2.863596818293196,-5.552770603404288,-15.981907435243295,-11.783765394430604,-17.292436526737333,-3.5143508825992016,-1.373778266507668,11.381389075220303,-3.2939137268867293,-8.91479220362618,0.0
11.736043765413903,-8.472464763050205,-3.9364613131964754,-8.82692461542007,-17.950099123643664,-14.489759700780091,-17.450201876982863,-0.0350665939457927,5.838790295332744,15.638646826045374,-0.1504295929207358,-7.292327242581431,1.0
12.525388883628942,-7.650015757442487,-3.066290544618124,-6.872091938571775,-13.354196822918569,-10.09027372342619,-15.785380277168272,-0.588254771163,3.361904236410062,13.862793439046492,-3.072183515252789,-8.542940899980831,2.0
12.214480150456527,-7.198414355525468,-1.691431801803433,-6.991595495010825,-16.978488505287988,-14.945528689608778,-21.391463980351705,-1.3796685472807653,4.876620481338842,16.59622221452373,-0.265856895941082,-5.965151474676245,3.0
12.188728956924718,-9.784241752076005,-6.293481198933309,-10.111726563432558,-18.69360149312968,-13.653554144795716,-18.432427375455777,1.250415767286503,3.133085715800154,14.6542941483646,-1.5377663555015348,-4.990833579051286,4.0
12.60732535590391,-8.948623767236,-6.101905655069967,-7.201585350911489,-16.60004260613162,-10.350188354894389,-16.445340562928966,-0.3570022695731238,1.5016808246353248,15.708107369548806,1.7676741567313194,-5.225165069730414,5.0
15.04775721121068,-16.085862295857794,-8.479102053308306,0.9251913274527958,-16.706270563388717,-9.76527775075483,-15.03819061609946,1.6584058324010726,-1.180629585140466,15.571193778917172,1.74900711662744,-5.81176586633552,6.0
12.343218391200562,-10.665727017398098,-7.693310364121463,-7.322216407871065,-16.5074090420159,-10.035509479784364,-16.767960982015367,-2.4631410759232786,-2.196306830273856,15.938145563509352,0.4909805341499674,-5.765770771031529,7.0
13.775562502315555,-7.9922758997597025,-3.318546204224244,-5.3420277143935895,-13.886054408165798,-9.174829027975576,-14.557717226975104,-0.3262715380337789,0.1211113055645684,12.487456241862091,-3.845689141397026,-8.154156269016786,8.0
13.133289677189817,-11.387947507537417,-5.427857710223442,-11.883446749250842,-12.327752285295054,-4.63563578378981,-21.324070694922305,-2.1288784309192024,-3.965667645589894,16.845442483776168,-0.6365677785131209,-4.177722308205242,9.0
